{
  "User" : {
    "transaction" : "User",
    "sampleCount" : 1500,
    "errorCount" : 0,
    "errorPct" : 0.0,
    "meanResTime" : 17.652000000000008,
    "medianResTime" : 15.0,
    "minResTime" : 9.0,
    "maxResTime" : 100.0,
    "pct1ResTime" : 26.0,
    "pct2ResTime" : 31.950000000000045,
    "pct3ResTime" : 49.99000000000001,
    "throughput" : 62.70378730875345,
    "receivedKBytesPerSec" : 60.59414777715074,
    "sentKBytesPerSec" : 9.98116926887384
  },
  "Total" : {
    "transaction" : "Total",
    "sampleCount" : 6000,
    "errorCount" : 0,
    "errorPct" : 0.0,
    "meanResTime" : 586.6508333333309,
    "medianResTime" : 370.0,
    "minResTime" : 8.0,
    "maxResTime" : 16109.0,
    "pct1ResTime" : 1136.0,
    "pct2ResTime" : 1608.9499999999998,
    "pct3ResTime" : 2758.0,
    "throughput" : 204.08163265306123,
    "receivedKBytesPerSec" : 208.05846752763605,
    "sentKBytesPerSec" : 40.55723852040816
  },
  "CreateUser" : {
    "transaction" : "CreateUser",
    "sampleCount" : 1500,
    "errorCount" : 0,
    "errorPct" : 0.0,
    "meanResTime" : 1118.0973333333327,
    "medianResTime" : 1097.0,
    "minResTime" : 640.0,
    "maxResTime" : 6952.0,
    "pct1ResTime" : 1135.0,
    "pct2ResTime" : 2114.95,
    "pct3ResTime" : 3670.020000000008,
    "throughput" : 54.14966968701491,
    "receivedKBytesPerSec" : 39.41112375230136,
    "sentKBytesPerSec" : 12.268284538464314
  },
  "Login" : {
    "transaction" : "Login",
    "sampleCount" : 1500,
    "errorCount" : 0,
    "errorPct" : 0.0,
    "meanResTime" : 1193.510666666669,
    "medianResTime" : 1121.0,
    "minResTime" : 667.0,
    "maxResTime" : 16109.0,
    "pct1ResTime" : 1701.0000000000018,
    "pct2ResTime" : 2142.95,
    "pct3ResTime" : 3856.55,
    "throughput" : 58.78664367455714,
    "receivedKBytesPerSec" : 39.75561596155354,
    "sentKBytesPerSec" : 14.409616760072113
  },
  "getUserList" : {
    "transaction" : "getUserList",
    "sampleCount" : 1500,
    "errorCount" : 0,
    "errorPct" : 0.0,
    "meanResTime" : 17.343333333333334,
    "medianResTime" : 15.0,
    "minResTime" : 8.0,
    "maxResTime" : 76.0,
    "pct1ResTime" : 25.0,
    "pct2ResTime" : 32.0,
    "pct3ResTime" : 50.0,
    "throughput" : 62.853551225644246,
    "receivedKBytesPerSec" : 107.32260239891055,
    "sentKBytesPerSec" : 10.31191074795726
  }
}