{
  "User" : {
    "transaction" : "User",
    "sampleCount" : 1000,
    "errorCount" : 0,
    "errorPct" : 0.0,
    "meanResTime" : 21.20799999999997,
    "medianResTime" : 17.0,
    "minResTime" : 9.0,
    "maxResTime" : 100.0,
    "pct1ResTime" : 34.0,
    "pct2ResTime" : 47.0,
    "pct3ResTime" : 71.99000000000001,
    "throughput" : 94.0822278671559,
    "receivedKBytesPerSec" : 90.9437035469,
    "sentKBytesPerSec" : 14.975979631197667
  },
  "Total" : {
    "transaction" : "Total",
    "sampleCount" : 4000,
    "errorCount" : 0,
    "errorPct" : 0.0,
    "meanResTime" : 610.7590000000006,
    "medianResTime" : 391.0,
    "minResTime" : 9.0,
    "maxResTime" : 6992.0,
    "pct1ResTime" : 1167.9,
    "pct2ResTime" : 1875.0499999999965,
    "pct3ResTime" : 2795.99,
    "throughput" : 274.66868090366,
    "receivedKBytesPerSec" : 280.07105710962713,
    "sentKBytesPerSec" : 54.585035706928515
  },
  "CreateUser" : {
    "transaction" : "CreateUser",
    "sampleCount" : 1000,
    "errorCount" : 0,
    "errorPct" : 0.0,
    "meanResTime" : 1149.1649999999984,
    "medianResTime" : 1111.0,
    "minResTime" : 682.0,
    "maxResTime" : 6992.0,
    "pct1ResTime" : 1152.6999999999998,
    "pct2ResTime" : 2121.95,
    "pct3ResTime" : 2800.99,
    "throughput" : 79.55449482895784,
    "receivedKBytesPerSec" : 57.91637144490851,
    "sentKBytesPerSec" : 18.02406523468576
  },
  "Login" : {
    "transaction" : "Login",
    "sampleCount" : 1000,
    "errorCount" : 0,
    "errorPct" : 0.0,
    "meanResTime" : 1251.9560000000008,
    "medianResTime" : 1141.0,
    "minResTime" : 699.0,
    "maxResTime" : 6098.0,
    "pct1ResTime" : 2120.8999999999996,
    "pct2ResTime" : 2406.7999999999997,
    "pct3ResTime" : 2907.1900000000005,
    "throughput" : 79.92966189753018,
    "receivedKBytesPerSec" : 54.05555611062265,
    "sentKBytesPerSec" : 19.59213392214851
  },
  "getUserList" : {
    "transaction" : "getUserList",
    "sampleCount" : 1000,
    "errorCount" : 0,
    "errorPct" : 0.0,
    "meanResTime" : 20.706999999999997,
    "medianResTime" : 17.0,
    "minResTime" : 9.0,
    "maxResTime" : 95.0,
    "pct1ResTime" : 35.0,
    "pct2ResTime" : 45.0,
    "pct3ResTime" : 71.0,
    "throughput" : 94.56264775413712,
    "receivedKBytesPerSec" : 161.4880688534279,
    "sentKBytesPerSec" : 15.514184397163122
  }
}