{
  "User" : {
    "transaction" : "User",
    "sampleCount" : 3500,
    "errorCount" : 0,
    "errorPct" : 0.0,
    "meanResTime" : 25.244571428571398,
    "medianResTime" : 17.0,
    "minResTime" : 8.0,
    "maxResTime" : 1447.0,
    "pct1ResTime" : 36.0,
    "pct2ResTime" : 51.94999999999982,
    "pct3ResTime" : 162.98999999999978,
    "throughput" : 77.40622788393489,
    "receivedKBytesPerSec" : 74.79355171565375,
    "sentKBytesPerSec" : 12.321499165118542
  },
  "Total" : {
    "transaction" : "Total",
    "sampleCount" : 14000,
    "errorCount" : 6,
    "errorPct" : 0.042857144,
    "meanResTime" : 1357.2762142857146,
    "medianResTime" : 530.0,
    "minResTime" : 8.0,
    "maxResTime" : 38510.0,
    "pct1ResTime" : 2982.0999999999967,
    "pct2ResTime" : 8446.399999999987,
    "pct3ResTime" : 13828.929999999998,
    "throughput" : 290.3480028205235,
    "receivedKBytesPerSec" : 296.2949925987183,
    "sentKBytesPerSec" : 57.67049357864283
  },
  "CreateUser" : {
    "transaction" : "CreateUser",
    "sampleCount" : 3500,
    "errorCount" : 0,
    "errorPct" : 0.0,
    "meanResTime" : 1066.9188571428597,
    "medianResTime" : 1088.0,
    "minResTime" : 518.0,
    "maxResTime" : 26993.0,
    "pct1ResTime" : 1122.0,
    "pct2ResTime" : 1183.7999999999993,
    "pct3ResTime" : 2759.99,
    "throughput" : 76.40586797066015,
    "receivedKBytesPerSec" : 55.62449517551519,
    "sentKBytesPerSec" : 17.310704462102688
  },
  "Login" : {
    "transaction" : "Login",
    "sampleCount" : 3500,
    "errorCount" : 6,
    "errorPct" : 0.17142858,
    "meanResTime" : 4314.7819999999965,
    "medianResTime" : 1409.5,
    "minResTime" : 653.0,
    "maxResTime" : 38510.0,
    "pct1ResTime" : 11258.6,
    "pct2ResTime" : 13456.0,
    "pct3ResTime" : 19800.51999999999,
    "throughput" : 73.67335340055149,
    "receivedKBytesPerSec" : 50.110995155977015,
    "sentKBytesPerSec" : 18.027647570358052
  },
  "getUserList" : {
    "transaction" : "getUserList",
    "sampleCount" : 3500,
    "errorCount" : 0,
    "errorPct" : 0.0,
    "meanResTime" : 22.159428571428553,
    "medianResTime" : 18.0,
    "minResTime" : 9.0,
    "maxResTime" : 4128.0,
    "pct1ResTime" : 34.0,
    "pct2ResTime" : 42.0,
    "pct3ResTime" : 66.0,
    "throughput" : 77.51594613749114,
    "receivedKBytesPerSec" : 132.35774266643782,
    "sentKBytesPerSec" : 12.71745991318214
  }
}