{
  "User" : {
    "transaction" : "User",
    "sampleCount" : 2000,
    "errorCount" : 0,
    "errorPct" : 0.0,
    "meanResTime" : 17.921500000000012,
    "medianResTime" : 16.0,
    "minResTime" : 9.0,
    "maxResTime" : 234.0,
    "pct1ResTime" : 26.0,
    "pct2ResTime" : 30.949999999999818,
    "pct3ResTime" : 52.99000000000001,
    "throughput" : 146.65982254161472,
    "receivedKBytesPerSec" : 141.71463665028966,
    "sentKBytesPerSec" : 23.345264720979685
  },
  "Total" : {
    "transaction" : "Total",
    "sampleCount" : 8000,
    "errorCount" : 0,
    "errorPct" : 0.0,
    "meanResTime" : 626.0632499999977,
    "medianResTime" : 428.5,
    "minResTime" : 8.0,
    "maxResTime" : 12162.0,
    "pct1ResTime" : 1138.0,
    "pct2ResTime" : 1680.9499999999998,
    "pct3ResTime" : 4835.669999999993,
    "throughput" : 463.49942062572427,
    "receivedKBytesPerSec" : 472.56447801998837,
    "sentKBytesPerSec" : 92.11145712630358
  },
  "CreateUser" : {
    "transaction" : "CreateUser",
    "sampleCount" : 2000,
    "errorCount" : 0,
    "errorPct" : 0.0,
    "meanResTime" : 1028.0790000000002,
    "medianResTime" : 1088.0,
    "minResTime" : 592.0,
    "maxResTime" : 5932.0,
    "pct1ResTime" : 1115.9,
    "pct2ResTime" : 1136.9499999999998,
    "pct3ResTime" : 2724.9700000000003,
    "throughput" : 127.5591555583902,
    "receivedKBytesPerSec" : 92.85995100931181,
    "sentKBytesPerSec" : 28.90012118119778
  },
  "Login" : {
    "transaction" : "Login",
    "sampleCount" : 2000,
    "errorCount" : 0,
    "errorPct" : 0.0,
    "meanResTime" : 1440.2965000000008,
    "medianResTime" : 1127.0,
    "minResTime" : 643.0,
    "maxResTime" : 12162.0,
    "pct1ResTime" : 2184.7000000000003,
    "pct2ResTime" : 3797.5499999999984,
    "pct3ResTime" : 7280.9400000000005,
    "throughput" : 132.52932211251738,
    "receivedKBytesPerSec" : 89.64003793651845,
    "sentKBytesPerSec" : 32.485214697501824
  },
  "getUserList" : {
    "transaction" : "getUserList",
    "sampleCount" : 2000,
    "errorCount" : 0,
    "errorPct" : 0.0,
    "meanResTime" : 17.956000000000042,
    "medianResTime" : 16.0,
    "minResTime" : 8.0,
    "maxResTime" : 265.0,
    "pct1ResTime" : 26.0,
    "pct2ResTime" : 31.0,
    "pct3ResTime" : 47.0,
    "throughput" : 147.21036360959812,
    "receivedKBytesPerSec" : 251.3757843552186,
    "sentKBytesPerSec" : 24.15170027969969
  }
}