{
  "User" : {
    "transaction" : "User",
    "sampleCount" : 4000,
    "errorCount" : 0,
    "errorPct" : 0.0,
    "meanResTime" : 25.487749999999963,
    "medianResTime" : 17.0,
    "minResTime" : 8.0,
    "maxResTime" : 3135.0,
    "pct1ResTime" : 36.90000000000009,
    "pct2ResTime" : 54.0,
    "pct3ResTime" : 198.98999999999978,
    "throughput" : 121.78784557301181,
    "receivedKBytesPerSec" : 117.70486047679941,
    "sentKBytesPerSec" : 19.38615119961028
  },
  "Total" : {
    "transaction" : "Total",
    "sampleCount" : 16000,
    "errorCount" : 35,
    "errorPct" : 0.21875,
    "meanResTime" : 1415.7062499999952,
    "medianResTime" : 590.0,
    "minResTime" : 8.0,
    "maxResTime" : 25955.0,
    "pct1ResTime" : 2700.8999999999996,
    "pct2ResTime" : 9496.949999999999,
    "pct3ResTime" : 16705.909999999996,
    "throughput" : 334.51808488396404,
    "receivedKBytesPerSec" : 342.5298583524984,
    "sentKBytesPerSec" : 66.29956927529793
  },
  "CreateUser" : {
    "transaction" : "CreateUser",
    "sampleCount" : 4000,
    "errorCount" : 0,
    "errorPct" : 0.0,
    "meanResTime" : 1051.9657499999973,
    "medianResTime" : 1103.0,
    "minResTime" : 583.0,
    "maxResTime" : 25955.0,
    "pct1ResTime" : 1133.0,
    "pct2ResTime" : 2096.0,
    "pct3ResTime" : 2762.99,
    "throughput" : 86.61570775860203,
    "receivedKBytesPerSec" : 63.05416289978563,
    "sentKBytesPerSec" : 19.623871289058272
  },
  "Login" : {
    "transaction" : "Login",
    "sampleCount" : 4000,
    "errorCount" : 35,
    "errorPct" : 0.875,
    "meanResTime" : 4565.178249999997,
    "medianResTime" : 1339.0,
    "minResTime" : 604.0,
    "maxResTime" : 23454.0,
    "pct1ResTime" : 13072.400000000001,
    "pct2ResTime" : 15892.95,
    "pct3ResTime" : 20216.0,
    "throughput" : 116.74060238150828,
    "receivedKBytesPerSec" : 80.99249804824305,
    "sentKBytesPerSec" : 28.364745751736514
  },
  "getUserList" : {
    "transaction" : "getUserList",
    "sampleCount" : 4000,
    "errorCount" : 0,
    "errorPct" : 0.0,
    "meanResTime" : 20.19325,
    "medianResTime" : 16.0,
    "minResTime" : 8.0,
    "maxResTime" : 1533.0,
    "pct1ResTime" : 30.0,
    "pct2ResTime" : 39.0,
    "pct3ResTime" : 64.98999999999978,
    "throughput" : 122.03679409341916,
    "receivedKBytesPerSec" : 208.38616827348446,
    "sentKBytesPerSec" : 20.02166153095158
  }
}