{
  "User" : {
    "transaction" : "User",
    "sampleCount" : 3000,
    "errorCount" : 0,
    "errorPct" : 0.0,
    "meanResTime" : 25.195000000000054,
    "medianResTime" : 16.0,
    "minResTime" : 9.0,
    "maxResTime" : 10768.0,
    "pct1ResTime" : 29.0,
    "pct2ResTime" : 40.0,
    "pct3ResTime" : 99.0,
    "throughput" : 132.5498166394203,
    "receivedKBytesPerSec" : 128.1182862137145,
    "sentKBytesPerSec" : 21.099238390845226
  },
  "Total" : {
    "transaction" : "Total",
    "sampleCount" : 12000,
    "errorCount" : 0,
    "errorPct" : 0.0,
    "meanResTime" : 1104.886083333332,
    "medianResTime" : 611.5,
    "minResTime" : 8.0,
    "maxResTime" : 17169.0,
    "pct1ResTime" : 2142.8999999999996,
    "pct2ResTime" : 6133.949999999999,
    "pct3ResTime" : 12160.0,
    "throughput" : 472.5897920604915,
    "receivedKBytesPerSec" : 481.85152127146347,
    "sentKBytesPerSec" : 93.91799090264651
  },
  "CreateUser" : {
    "transaction" : "CreateUser",
    "sampleCount" : 3000,
    "errorCount" : 0,
    "errorPct" : 0.0,
    "meanResTime" : 1053.9759999999997,
    "medianResTime" : 1103.0,
    "minResTime" : 606.0,
    "maxResTime" : 12686.0,
    "pct1ResTime" : 1123.0,
    "pct2ResTime" : 1894.2999999999793,
    "pct3ResTime" : 2742.99,
    "throughput" : 126.75877804537963,
    "receivedKBytesPerSec" : 92.28270112392782,
    "sentKBytesPerSec" : 28.718785650906323
  },
  "Login" : {
    "transaction" : "Login",
    "sampleCount" : 3000,
    "errorCount" : 0,
    "errorPct" : 0.0,
    "meanResTime" : 3322.207333333332,
    "medianResTime" : 1276.5,
    "minResTime" : 658.0,
    "maxResTime" : 17169.0,
    "pct1ResTime" : 8752.400000000001,
    "pct2ResTime" : 11798.099999999997,
    "pct3ResTime" : 13548.0,
    "throughput" : 123.69603760359543,
    "receivedKBytesPerSec" : 83.65411624335134,
    "sentKBytesPerSec" : 30.320024842287552
  },
  "getUserList" : {
    "transaction" : "getUserList",
    "sampleCount" : 3000,
    "errorCount" : 0,
    "errorPct" : 0.0,
    "meanResTime" : 18.166000000000032,
    "medianResTime" : 16.0,
    "minResTime" : 8.0,
    "maxResTime" : 525.0,
    "pct1ResTime" : 26.0,
    "pct2ResTime" : 32.0,
    "pct3ResTime" : 53.0,
    "throughput" : 132.90802764486975,
    "receivedKBytesPerSec" : 226.9428800062024,
    "sentKBytesPerSec" : 21.805223285486445
  }
}