{
  "User" : {
    "transaction" : "User",
    "sampleCount" : 500,
    "errorCount" : 0,
    "errorPct" : 0.0,
    "meanResTime" : 18.253999999999994,
    "medianResTime" : 16.0,
    "minResTime" : 9.0,
    "maxResTime" : 51.0,
    "pct1ResTime" : 28.0,
    "pct2ResTime" : 34.94999999999999,
    "pct3ResTime" : 46.0,
    "throughput" : 41.01386268558773,
    "receivedKBytesPerSec" : 39.62419766631121,
    "sentKBytesPerSec" : 6.528573845459765
  },
  "Total" : {
    "transaction" : "Total",
    "sampleCount" : 2000,
    "errorCount" : 0,
    "errorPct" : 0.0,
    "meanResTime" : 629.7315000000015,
    "medianResTime" : 922.0,
    "minResTime" : 9.0,
    "maxResTime" : 6164.0,
    "pct1ResTime" : 1155.9,
    "pct2ResTime" : 1446.699999999999,
    "pct3ResTime" : 2797.99,
    "throughput" : 133.76136971642592,
    "receivedKBytesPerSec" : 136.36272791683388,
    "sentKBytesPerSec" : 26.58245970438737
  },
  "CreateUser" : {
    "transaction" : "CreateUser",
    "sampleCount" : 500,
    "errorCount" : 0,
    "errorPct" : 0.0,
    "meanResTime" : 1226.8839999999993,
    "medianResTime" : 1115.0,
    "minResTime" : 918.0,
    "maxResTime" : 6133.0,
    "pct1ResTime" : 1146.7,
    "pct2ResTime" : 2167.4999999999995,
    "pct3ResTime" : 2802.7200000000003,
    "throughput" : 37.577032917480835,
    "receivedKBytesPerSec" : 27.36481368837367,
    "sentKBytesPerSec" : 8.513546520366752
  },
  "Login" : {
    "transaction" : "Login",
    "sampleCount" : 500,
    "errorCount" : 0,
    "errorPct" : 0.0,
    "meanResTime" : 1253.4720000000011,
    "medianResTime" : 1144.0,
    "minResTime" : 948.0,
    "maxResTime" : 6164.0,
    "pct1ResTime" : 1499.6000000000001,
    "pct2ResTime" : 2719.7499999999955,
    "pct3ResTime" : 3763.5800000000086,
    "throughput" : 36.36363636363636,
    "receivedKBytesPerSec" : 24.590198863636363,
    "sentKBytesPerSec" : 8.913352272727273
  },
  "getUserList" : {
    "transaction" : "getUserList",
    "sampleCount" : 500,
    "errorCount" : 0,
    "errorPct" : 0.0,
    "meanResTime" : 20.316,
    "medianResTime" : 15.0,
    "minResTime" : 9.0,
    "maxResTime" : 1019.0,
    "pct1ResTime" : 27.0,
    "pct2ResTime" : 33.0,
    "pct3ResTime" : 46.960000000000036,
    "throughput" : 41.138719763040974,
    "receivedKBytesPerSec" : 70.23247233421095,
    "sentKBytesPerSec" : 6.74932121112391
  }
}